experiment,model_file,strategy_return,hs300_return,excess_return,max_drawdown,drawdown_days,recovery_days,recovered,exp_key,exp_dir_norm,score
model/search_itransformer_74_3\exp_54,best_model_sliding.pth,18.966181770000002,6.39611821790913,12.570063552090872,3.9425410884316734,1,7.0,True,search_itransformer_74_3/exp_54,model/search_itransformer_74_3/exp_54,10.17472944709776
model/search_itransformer_74_3\exp_54,best_model.pth,18.966181770000002,6.39611821790913,12.570063552090872,3.9425410884316734,1,7.0,True,search_itransformer_74_3/exp_54,model/search_itransformer_74_3/exp_54,10.17472944709776
model/search_itransformer_74_3\exp_64,best_model.pth,15.60207270999998,6.39611821790913,9.20595449209085,7.575276664282682,3,10.0,True,search_itransformer_74_3/exp_64,model/search_itransformer_74_3/exp_64,6.730032432342444
model/search_itransformer_74_3\exp_6,best_model.pth,13.867313370000023,6.39611821790913,7.471195152090893,0.8481687578692301,3,,False,search_itransformer_74_3/exp_6,model/search_itransformer_74_3/exp_6,7.533833266266508
model/search_itransformer_74_3\exp_6,best_model.pth,13.867313370000023,6.39611821790913,7.471195152090893,0.8481687578692301,3,,False,search_itransformer_74_3/exp_6,model/search_itransformer_74_3/exp_6,7.533833266266508
model/search_itransformer_74_3\exp_37,best_model.pth,13.773969480000003,6.39611821790913,7.377851262090873,2.3480112050948687,2,3.0,True,search_itransformer_74_3/exp_37,model/search_itransformer_74_3/exp_37,7.018539809098803
model/search_itransformer_74_3\exp_55,best_model_sliding.pth,13.134172040000003,6.39611821790913,6.738053822090873,5.886728332513448,1,13.0,True,search_itransformer_74_3/exp_55,model/search_itransformer_74_3/exp_55,5.509066462873228
model/search_itransformer_74_3\exp_35,best_model.pth,11.127165449999964,6.39611821790913,4.731047232090834,6.62443203333569,3,13.0,True,search_itransformer_74_3/exp_35,model/search_itransformer_74_3/exp_35,3.8828507396265293
model/search_itransformer_74_3\exp_55,best_model.pth,10.636155300000016,6.39611821790913,4.240037082090886,2.829231221027601,1,5.0,True,search_itransformer_74_3/exp_55,model/search_itransformer_74_3/exp_55,4.677703878318992
model/search_itransformer_74_3\exp_30,best_model_sliding.pth,10.343125620000016,6.39611821790913,3.947007402090886,1.4201891425826625,1,4.0,True,search_itransformer_74_3/exp_30,model/search_itransformer_74_3/exp_30,4.895295725852474
model/search_itransformer_74_3\exp_30,best_model.pth,10.343125620000016,6.39611821790913,3.947007402090886,1.4201891425826625,1,4.0,True,search_itransformer_74_3/exp_30,model/search_itransformer_74_3/exp_30,4.895295725852474
model/search_itransformer_74_3\exp_70,best_model_sliding.pth,10.111378839999997,6.39611821790913,3.7152606220908666,6.423780463460312,3,,False,search_itransformer_74_3/exp_70,model/search_itransformer_74_3/exp_70,3.231995583589166
model/search_itransformer_74_3\exp_10,best_model.pth,9.538773370000042,6.39611821790913,3.142655152090912,3.1351623647074307,1,5.0,True,search_itransformer_74_3/exp_10,model/search_itransformer_74_3/exp_10,3.8177571842150613
model/search_itransformer_74_3\exp_56,best_model_sliding.pth,9.35884992,6.39611821790913,2.9627317020908706,2.7397198791595576,1,4.0,True,search_itransformer_74_3/exp_56,model/search_itransformer_74_3/exp_56,3.8104435148793945
model/search_itransformer_74_3\exp_40,best_model.pth,8.931950310000026,6.39611821790913,2.535832092090896,5.634401951644237,11,,False,search_itransformer_74_3/exp_40,model/search_itransformer_74_3/exp_40,2.643209166134008
model/search_itransformer_74_3\exp_33,best_model_sliding.pth,8.692454710000042,6.39611821790913,2.296336492090912,7.698129346839854,6,,False,search_itransformer_74_3/exp_33,model/search_itransformer_74_3/exp_33,1.8564440275753342
model/search_itransformer_74_3\exp_33,best_model.pth,8.692454710000042,6.39611821790913,2.296336492090912,7.698129346839854,6,,False,search_itransformer_74_3/exp_33,model/search_itransformer_74_3/exp_33,1.8564440275753342
model/search_itransformer_74_3\exp_49,best_model.pth,8.570798600000028,6.39611821790913,2.174680382090898,2.334810511944786,3,5.0,True,search_itransformer_74_3/exp_49,model/search_itransformer_74_3/exp_49,3.380280401043845
model/search_itransformer_74_3\exp_49,best_model_sliding.pth,8.570798600000028,6.39611821790913,2.174680382090898,2.334810511944786,3,5.0,True,search_itransformer_74_3/exp_49,model/search_itransformer_74_3/exp_49,3.380280401043845
model/search_itransformer_74_3\exp_51,best_model.pth,8.559696810000016,6.39611821790913,2.163578592090886,7.354162916824644,11,,False,search_itransformer_74_3/exp_51,model/search_itransformer_74_3/exp_51,1.8667034265798792
model/search_itransformer_74_3\exp_58,best_model_sliding.pth,8.33432193000001,6.39611821790913,1.9382037120908802,4.770964001409971,3,8.0,True,search_itransformer_74_3/exp_58,model/search_itransformer_74_3/exp_58,2.4839006852042766
model/search_itransformer_74_3\exp_14,best_model.pth,8.146084430000023,6.39611821790913,1.749966212090893,7.322992606677957,3,,False,search_itransformer_74_3/exp_14,model/search_itransformer_74_3/exp_14,1.5865258536238902
model/search_itransformer_74_3\exp_14,best_model_sliding.pth,8.146084430000023,6.39611821790913,1.749966212090893,7.322992606677957,3,,False,search_itransformer_74_3/exp_14,model/search_itransformer_74_3/exp_14,1.5865258536238902
model/search_itransformer_74_3\exp_6,best_model_sliding.pth,8.039610450000012,6.39611821790913,1.6434922320908818,2.9064032741919625,3,,False,search_itransformer_74_3/exp_6,model/search_itransformer_74_3/exp_6,2.8369708673696805
model/search_itransformer_74_3\exp_6,best_model_sliding.pth,8.039610450000012,6.39611821790913,1.6434922320908818,2.9064032741919625,3,,False,search_itransformer_74_3/exp_6,model/search_itransformer_74_3/exp_6,2.8369708673696805
model/search_itransformer_74_3\exp_31,best_model_sliding.pth,7.9084666900000045,6.39611821790913,1.5123484720908742,7.147296544417727,10,,False,search_itransformer_74_3/exp_31,model/search_itransformer_74_3/exp_31,1.472902254301946
model/search_itransformer_74_3\exp_31,best_model.pth,7.697950200000014,6.39611821790913,1.3018319820908841,8.007425448422248,11,,False,search_itransformer_74_3/exp_31,model/search_itransformer_74_3/exp_31,1.0675020401005968
model/search_itransformer_74_3\exp_7,best_model.pth,7.611578040000033,6.39611821790913,1.215459822090903,2.900038334236287,1,5.0,True,search_itransformer_74_3/exp_7,model/search_itransformer_74_3/exp_7,2.5392576623563983
model/search_itransformer_74_3\exp_7,best_model.pth,7.611578040000033,6.39611821790913,1.215459822090903,2.900038334236287,1,5.0,True,search_itransformer_74_3/exp_7,model/search_itransformer_74_3/exp_7,2.5392576623563983
model/search_itransformer_74_3\exp_9,best_model.pth,7.556964360000062,6.39611821790913,1.1608461420909322,1.8842349599999975,2,2.0,True,search_itransformer_74_3/exp_9,model/search_itransformer_74_3/exp_9,2.805769098627305
model/search_itransformer_74_3\exp_9,best_model_sliding.pth,7.556964360000062,6.39611821790913,1.1608461420909322,1.8842349599999975,2,2.0,True,search_itransformer_74_3/exp_9,model/search_itransformer_74_3/exp_9,2.805769098627305
model/search_itransformer_74_3\exp_9,best_model.pth,7.556964360000062,6.39611821790913,1.1608461420909322,1.8842349599999975,2,2.0,True,search_itransformer_74_3/exp_9,model/search_itransformer_74_3/exp_9,2.805769098627305
model/search_itransformer_74_3\exp_9,best_model_sliding.pth,7.556964360000062,6.39611821790913,1.1608461420909322,1.8842349599999975,2,2.0,True,search_itransformer_74_3/exp_9,model/search_itransformer_74_3/exp_9,2.805769098627305
model/search_itransformer_74_3\exp_18,best_model.pth,7.511093300000016,6.39611821790913,1.1149750820908855,4.922475678384209,10,,False,search_itransformer_74_3/exp_18,model/search_itransformer_74_3/exp_18,1.8621871411120094
model/search_itransformer_74_3\exp_52,best_model.pth,7.485632510000029,6.39611821790913,1.0895142920908985,7.080910449676302,3,,False,search_itransformer_74_3/exp_52,model/search_itransformer_74_3/exp_52,1.1968341567243908
model/search_itransformer_74_3\exp_52,best_model_sliding.pth,7.485632510000029,6.39611821790913,1.0895142920908985,7.080910449676302,3,,False,search_itransformer_74_3/exp_52,model/search_itransformer_74_3/exp_52,1.1968341567243908
model/search_itransformer_74_3\exp_34,best_model_sliding.pth,7.380596380000015,6.39611821790913,0.9844781620908849,6.44253542922307,3,,False,search_itransformer_74_3/exp_34,model/search_itransformer_74_3/exp_34,1.3148213718603508
model/search_itransformer_74_3\exp_36,best_model.pth,7.301510990000004,6.39611821790913,0.9053927720908739,5.660583517072792,3,,False,search_itransformer_74_3/exp_36,model/search_itransformer_74_3/exp_36,1.4940471725054263
model/search_itransformer_74_3\exp_17,best_model.pth,7.281694340000011,6.39611821790913,0.8855761220908809,8.042468502217218,10,,False,search_itransformer_74_3/exp_17,model/search_itransformer_74_3/exp_17,0.7656100219621034
model/search_itransformer_74_3\exp_17,best_model_sliding.pth,7.281694340000011,6.39611821790913,0.8855761220908809,8.042468502217218,10,,False,search_itransformer_74_3/exp_17,model/search_itransformer_74_3/exp_17,0.7656100219621034
model/search_itransformer_74_3\exp_64,best_model_sliding.pth,7.002608160000023,6.39611821790913,0.6064899420908931,8.545073566442156,11,,False,search_itransformer_74_3/exp_64,model/search_itransformer_74_3/exp_64,0.41946817669463066
model/search_itransformer_74_3\exp_7,best_model_sliding.pth,6.79815851000003,6.39611821790913,0.4020402920908994,2.881040460036013,1,5.0,True,search_itransformer_74_3/exp_7,model/search_itransformer_74_3/exp_7,1.9755633536164778
model/search_itransformer_74_3\exp_7,best_model_sliding.pth,6.79815851000003,6.39611821790913,0.4020402920908994,2.881040460036013,1,5.0,True,search_itransformer_74_3/exp_7,model/search_itransformer_74_3/exp_7,1.9755633536164778
model/search_itransformer_74_3\exp_27,best_model.pth,6.756475100000037,6.39611821790913,0.36035688209090644,8.131461339354454,10,,False,search_itransformer_74_3/exp_27,model/search_itransformer_74_3/exp_27,0.3712587028209504
model/search_itransformer_74_3\exp_41,best_model.pth,6.6801636300000355,6.39611821790913,0.2840454120909053,7.719924565817733,10,,False,search_itransformer_74_3/exp_41,model/search_itransformer_74_3/exp_41,0.44130170588196593
model/search_itransformer_74_3\exp_28,best_model.pth,6.662923350000027,6.39611821790913,0.26680513209089707,2.8225723459691534,2,4.0,True,search_itransformer_74_3/exp_28,model/search_itransformer_74_3/exp_28,1.898439175836534
model/search_itransformer_74_3\exp_56,best_model.pth,6.620487320000046,6.39611821790913,0.22436910209091554,2.582599875777708,10,,False,search_itransformer_74_3/exp_56,model/search_itransformer_74_3/exp_56,1.9407256958939807
model/search_itransformer_74_3\exp_61,best_model_sliding.pth,6.466611750000051,6.39611821790913,0.07049353209092057,8.52794348338656,11,,False,search_itransformer_74_3/exp_61,model/search_itransformer_74_3/exp_61,0.04940971461132859
model/search_itransformer_74_3\exp_58,best_model.pth,6.381962990000023,6.39611821790913,-0.014155227909107282,3.5196496493504856,3,5.0,True,search_itransformer_74_3/exp_58,model/search_itransformer_74_3/exp_58,1.4926437328221314
model/search_itransformer_74_3\exp_60,best_model.pth,6.246133020000033,6.39611821790913,-0.14998519790909715,6.884781379431611,3,,False,search_itransformer_74_3/exp_60,model/search_itransformer_74_3/exp_60,0.38802323479780076
model/search_itransformer_74_3\exp_60,best_model_sliding.pth,6.246133020000033,6.39611821790913,-0.14998519790909715,6.884781379431611,3,,False,search_itransformer_74_3/exp_60,model/search_itransformer_74_3/exp_60,0.38802323479780076
model/search_itransformer_74_3\exp_10,best_model_sliding.pth,6.169073260000002,6.39611821790913,-0.22704495790912826,8.590929188332144,10,,False,search_itransformer_74_3/exp_10,model/search_itransformer_74_3/exp_10,-0.1777629398723808
model/search_itransformer_74_3\exp_47,best_model_sliding.pth,6.150533390000001,6.39611821790913,-0.24558482790912883,10.094876208997249,11,,False,search_itransformer_74_3/exp_47,model/search_itransformer_74_3/exp_47,-0.6419249550719126
model/search_itransformer_74_3\exp_1,best_model.pth,6.0954937800000275,6.39611821790913,-0.30062443790910276,2.7587354200000136,2,2.0,True,search_itransformer_74_3/exp_1,model/search_itransformer_74_3/exp_1,1.520389554627276
model/search_itransformer_74_3\exp_1,best_model_sliding.pth,6.0954937800000275,6.39611821790913,-0.30062443790910276,2.7587354200000136,2,2.0,True,search_itransformer_74_3/exp_1,model/search_itransformer_74_3/exp_1,1.520389554627276
model/search_itransformer_74_3\exp_50,best_model_sliding.pth,6.087227580000043,6.39611821790913,-0.3088906379090872,6.120407115262513,15,,False,search_itransformer_74_3/exp_50,model/search_itransformer_74_3/exp_50,0.5061017060485373
model/search_itransformer_74_3\exp_59,best_model_sliding.pth,6.045115250000022,6.39611821790913,-0.3510029679091087,6.116443923969463,1,,False,search_itransformer_74_3/exp_59,model/search_itransformer_74_3/exp_59,0.4778120324364372
model/search_itransformer_74_3\exp_65,best_model_sliding.pth,6.021299980000028,6.39611821790913,-0.3748182379091025,9.030961093857474,11,,False,search_itransformer_74_3/exp_65,model/search_itransformer_74_3/exp_65,-0.41321380752996184
model/search_itransformer_74_3\exp_63,best_model_sliding.pth,5.875620550000016,6.39611821790913,-0.5204976679091144,9.430686419613261,11,,False,search_itransformer_74_3/exp_63,model/search_itransformer_74_3/exp_63,-0.6351070062567064
model/search_itransformer_74_3\exp_48,best_model_sliding.pth,5.649055710000006,6.39611821790913,-0.7470625079091242,8.054647017953267,11,,False,search_itransformer_74_3/exp_48,model/search_itransformer_74_3/exp_48,-0.3808905737587147
model/search_itransformer_74_3\exp_57,best_model_sliding.pth,5.374198940000019,6.39611821790913,-1.0219192779091113,7.59017941274286,3,,False,search_itransformer_74_3/exp_57,model/search_itransformer_74_3/exp_57,-0.43395003119558373
model/search_itransformer_74_3\exp_45,best_model_sliding.pth,5.31850529000002,6.39611821790913,-1.0776129279091107,9.030961093857474,11,,False,search_itransformer_74_3/exp_45,model/search_itransformer_74_3/exp_45,-0.9051700905299676
model/search_itransformer_74_3\exp_71,best_model_sliding.pth,5.214094100000022,6.39611821790913,-1.1820241179091084,10.030335009099241,11,,False,search_itransformer_74_3/exp_71,model/search_itransformer_74_3/exp_71,-1.278070098102496
model/search_itransformer_74_3\exp_71,best_model.pth,5.214094100000022,6.39611821790913,-1.1820241179091084,10.030335009099241,11,,False,search_itransformer_74_3/exp_71,model/search_itransformer_74_3/exp_71,-1.278070098102496
model/search_itransformer_74_3\exp_32,best_model_sliding.pth,5.160571630000055,6.39611821790913,-1.2355465879090755,2.7033666143626514,3,6.0,True,search_itransformer_74_3/exp_32,model/search_itransformer_74_3/exp_32,0.882554691318504
model/search_itransformer_74_3\exp_26,best_model_sliding.pth,5.062588590000039,6.39611821790913,-1.3335296279090914,6.293355950653195,11,,False,search_itransformer_74_3/exp_26,model/search_itransformer_74_3/exp_26,-0.2630302375686704
model/search_itransformer_74_3\exp_59,best_model.pth,4.880714180000023,6.39611821790913,-1.5154040379091072,7.779471376849903,3,,False,search_itransformer_74_3/exp_59,model/search_itransformer_74_3/exp_59,-0.8361769524276936
model/search_itransformer_74_3\exp_69,best_model.pth,4.873541790000013,6.39611821790913,-1.522576427909117,8.131461339354454,10,,False,search_itransformer_74_3/exp_69,model/search_itransformer_74_3/exp_69,-0.946794614179066
model/search_itransformer_74_3\exp_46,best_model_sliding.pth,4.866419190000015,6.39611821790913,-1.529699027909115,7.59017941274286,3,,False,search_itransformer_74_3/exp_46,model/search_itransformer_74_3/exp_46,-0.7893958561955863
model/search_itransformer_74_3\exp_46,best_model.pth,4.866419190000015,6.39611821790913,-1.529699027909115,7.59017941274286,3,,False,search_itransformer_74_3/exp_46,model/search_itransformer_74_3/exp_46,-0.7893958561955863
model/search_itransformer_74_3\exp_35,best_model_sliding.pth,4.862932030000033,6.39611821790913,-1.5331861879090969,6.269739606692401,4,5.0,True,search_itransformer_74_3/exp_35,model/search_itransformer_74_3/exp_35,-0.39570492638043575
model/search_itransformer_74_3\exp_67,best_model_sliding.pth,4.751895840000042,6.39611821790913,-1.644222377909088,9.030961093857474,11,,False,search_itransformer_74_3/exp_67,model/search_itransformer_74_3/exp_67,-1.3017967055299517
model/search_itransformer_74_3\exp_67,best_model.pth,4.751895840000042,6.39611821790913,-1.644222377909088,9.030961093857474,11,,False,search_itransformer_74_3/exp_67,model/search_itransformer_74_3/exp_67,-1.3017967055299517
model/search_itransformer_74_3\exp_45,best_model.pth,4.7102909800000425,6.39611821790913,-1.6858272379090877,9.030961093857474,11,,False,search_itransformer_74_3/exp_45,model/search_itransformer_74_3/exp_45,-1.3309201075299515
model/search_itransformer_74_3\exp_41,best_model_sliding.pth,4.521986640000009,6.39611821790913,-1.8741315779091217,4.770964001409971,3,13.0,True,search_itransformer_74_3/exp_41,model/search_itransformer_74_3/exp_41,-0.1847340177957244
model/search_itransformer_74_3\exp_63,best_model.pth,4.194908890000026,6.39611821790913,-2.201209327909104,9.462348692575329,11,,False,search_itransformer_74_3/exp_63,model/search_itransformer_74_3/exp_63,-1.8211038501453194
model/search_itransformer_74_3\exp_70,best_model.pth,4.0618581399999965,6.39611821790913,-2.334260077909134,7.719924565817735,10,,False,search_itransformer_74_3/exp_70,model/search_itransformer_74_3/exp_70,-1.3915121371180619
model/search_itransformer_74_3\exp_15,best_model_sliding.pth,4.049101150000056,6.39611821790913,-2.347017067909074,9.030961093857474,11,,False,search_itransformer_74_3/exp_15,model/search_itransformer_74_3/exp_15,-1.793752988529942
model/search_itransformer_74_3\exp_12,best_model.pth,4.049101150000056,6.39611821790913,-2.347017067909074,9.030961093857474,11,,False,search_itransformer_74_3/exp_12,model/search_itransformer_74_3/exp_12,-1.793752988529942
model/search_itransformer_74_3\exp_44,best_model_sliding.pth,4.037412490000025,6.39611821790913,-2.358705727909105,9.593564104606564,11,,False,search_itransformer_74_3/exp_44,model/search_itransformer_74_3/exp_44,-1.9707159537546906
model/search_itransformer_74_3\exp_61,best_model.pth,4.009702520000058,6.39611821790913,-2.3864156979090723,10.142561523204236,11,,False,search_itransformer_74_3/exp_61,model/search_itransformer_74_3/exp_61,-2.154812158333969
model/search_itransformer_74_3\exp_47,best_model.pth,3.751090970000015,6.39611821790913,-2.6450272479091153,9.80540972186479,11,,False,search_itransformer_74_3/exp_47,model/search_itransformer_74_3/exp_47,-2.234694702932165
model/search_itransformer_74_3\exp_15,best_model.pth,3.723495110000008,6.39611821790913,-2.6726231079091223,8.970749552575974,11,,False,search_itransformer_74_3/exp_15,model/search_itransformer_74_3/exp_15,-2.0036137541455257
model/search_itransformer_74_3\exp_3,best_model.pth,3.7019737100000283,6.39611821790913,-2.694144507909102,10.212343802589674,11,,False,search_itransformer_74_3/exp_3,model/search_itransformer_74_3/exp_3,-2.3911570091496213
model/search_itransformer_74_3\exp_3,best_model.pth,3.7019737100000283,6.39611821790913,-2.694144507909102,10.212343802589674,11,,False,search_itransformer_74_3/exp_3,model/search_itransformer_74_3/exp_3,-2.3911570091496213
model/search_itransformer_74_3\exp_48,best_model.pth,3.6282340800000368,6.39611821790913,-2.7678841379090935,1.9951462254980572,2,5.0,True,search_itransformer_74_3/exp_48,model/search_itransformer_74_3/exp_48,0.022384522977869525
model/search_itransformer_74_3\exp_65,best_model.pth,3.3881930500000212,6.39611821790913,-3.007925167909109,9.030961093857474,11,,False,search_itransformer_74_3/exp_65,model/search_itransformer_74_3/exp_65,-2.2563886585299664
model/search_itransformer_74_3\exp_36,best_model_sliding.pth,3.3881930500000212,6.39611821790913,-3.007925167909109,9.030961093857474,11,,False,search_itransformer_74_3/exp_36,model/search_itransformer_74_3/exp_36,-2.2563886585299664
model/search_itransformer_74_3\exp_26,best_model.pth,3.332684100000005,6.39611821790913,-3.063434117909125,8.08529570685304,11,,False,search_itransformer_74_3/exp_26,model/search_itransformer_74_3/exp_26,-2.0115453074286473
model/search_itransformer_74_3\exp_69,best_model_sliding.pth,3.1954586200000135,6.39611821790913,-3.200659597909117,8.763714212380535,11,,False,search_itransformer_74_3/exp_69,model/search_itransformer_74_3/exp_69,-2.31112869508689
model/search_itransformer_74_3\exp_2,best_model_sliding.pth,3.1752643000000136,6.39611821790913,-3.2208539179091167,7.4571376000771625,11,,False,search_itransformer_74_3/exp_2,model/search_itransformer_74_3/exp_2,-1.933291735395878
model/search_itransformer_74_3\exp_29,best_model_sliding.pth,3.117825750000036,6.39611821790913,-3.278292467909094,8.599286639117096,11,,False,search_itransformer_74_3/exp_29,model/search_itransformer_74_3/exp_29,-2.3161434321078427
model/search_itransformer_74_3\exp_37,best_model_sliding.pth,3.08533740000001,6.39611821790913,-3.3107808179091203,10.016124264717737,11,,False,search_itransformer_74_3/exp_37,model/search_itransformer_74_3/exp_37,-2.763936564788053
model/search_itransformer_74_3\exp_43,best_model_sliding.pth,3.0804678200000435,6.39611821790913,-3.3156503979090868,2.8516281033903454,1,12.0,True,search_itransformer_74_3/exp_43,model/search_itransformer_74_3/exp_43,-0.6179964223898122
model/search_itransformer_74_3\exp_2,best_model.pth,2.9011135600000237,6.39611821790913,-3.4950046579091065,7.379383710712401,13,,False,search_itransformer_74_3/exp_2,model/search_itransformer_74_3/exp_2,-2.1018710865864425
model/search_itransformer_74_3\exp_42,best_model.pth,2.870204660000031,6.39611821790913,-3.5259135579090994,9.462348692575329,11,,False,search_itransformer_74_3/exp_42,model/search_itransformer_74_3/exp_42,-2.7483968111453163
model/search_itransformer_74_3\exp_42,best_model_sliding.pth,2.870204660000031,6.39611821790913,-3.5259135579090994,9.462348692575329,11,,False,search_itransformer_74_3/exp_42,model/search_itransformer_74_3/exp_42,-2.7483968111453163
model/search_itransformer_74_3\exp_51,best_model_sliding.pth,2.8519482700000376,6.39611821790913,-3.5441699479090927,11.654766579050042,11,,False,search_itransformer_74_3/exp_51,model/search_itransformer_74_3/exp_51,-3.4189016500877254
model/search_itransformer_74_3\exp_50,best_model.pth,2.759458990000052,6.39611821790913,-3.636659227909078,4.177267595230196,4,,False,search_itransformer_74_3/exp_50,model/search_itransformer_74_3/exp_50,-1.2403944509417615
model/search_itransformer_74_3\exp_4,best_model.pth,2.720676830000013,6.39611821790913,-3.6754413879091175,5.865167128466361,4,,False,search_itransformer_74_3/exp_4,model/search_itransformer_74_3/exp_4,-1.7739118229126383
model/search_itransformer_74_3\exp_4,best_model.pth,2.720676830000013,6.39611821790913,-3.6754413879091175,5.865167128466361,4,,False,search_itransformer_74_3/exp_4,model/search_itransformer_74_3/exp_4,-1.7739118229126383
model/search_itransformer_74_3\exp_8,best_model_sliding.pth,2.7138957700000077,6.39611821790913,-3.6822224479091226,7.160978978594542,17,,False,search_itransformer_74_3/exp_8,model/search_itransformer_74_3/exp_8,-2.167402119951096
model/search_itransformer_74_3\exp_8,best_model_sliding.pth,2.7138957700000077,6.39611821790913,-3.6822224479091226,7.160978978594542,17,,False,search_itransformer_74_3/exp_8,model/search_itransformer_74_3/exp_8,-2.167402119951096
model/search_itransformer_74_3\exp_8,best_model.pth,2.7138957700000077,6.39611821790913,-3.6822224479091226,7.160978978594542,17,,False,search_itransformer_74_3/exp_8,model/search_itransformer_74_3/exp_8,-2.167402119951096
model/search_itransformer_74_3\exp_8,best_model.pth,2.7138957700000077,6.39611821790913,-3.6822224479091226,7.160978978594542,17,,False,search_itransformer_74_3/exp_8,model/search_itransformer_74_3/exp_8,-2.167402119951096
model/search_itransformer_74_3\exp_32,best_model.pth,2.5328127800000155,6.39611821790913,-3.8633054379091147,2.00804162763016,2,3.0,True,search_itransformer_74_3/exp_32,model/search_itransformer_74_3/exp_32,-0.7482790076617761
model/search_itransformer_74_3\exp_39,best_model_sliding.pth,2.320233820000017,6.39611821790913,-4.075884397909113,8.960351493913693,11,,False,search_itransformer_74_3/exp_39,model/search_itransformer_74_3/exp_39,-2.982777239546835
model/search_itransformer_74_3\exp_39,best_model.pth,2.247328300000029,6.39611821790913,-4.1487899179091015,8.960351493913693,11,,False,search_itransformer_74_3/exp_39,model/search_itransformer_74_3/exp_39,-3.0338111035468267
model/search_itransformer_74_3\exp_4,best_model_sliding.pth,2.2454361100000098,6.39611821790913,-4.1506821079091205,4.891154882554404,4,,False,search_itransformer_74_3/exp_4,model/search_itransformer_74_3/exp_4,-1.8143766531390535
model/search_itransformer_74_3\exp_4,best_model_sliding.pth,2.2454361100000098,6.39611821790913,-4.1506821079091205,4.891154882554404,4,,False,search_itransformer_74_3/exp_4,model/search_itransformer_74_3/exp_4,-1.8143766531390535
model/search_itransformer_74_3\exp_34,best_model.pth,2.184205610000012,6.39611821790913,-4.2119126079091185,3.4867616001705994,3,13.0,True,search_itransformer_74_3/exp_34,model/search_itransformer_74_3/exp_34,-1.4359200184239107
model/search_itransformer_74_3\exp_27,best_model_sliding.pth,2.0568825700000515,6.39611821790913,-4.339235647909079,2.9424676548820488,3,6.0,True,search_itransformer_74_3/exp_27,model/search_itransformer_74_3/exp_27,-1.3617579628373178
model/search_itransformer_74_3\exp_40,best_model_sliding.pth,1.9846169300000271,6.39611821790913,-4.411501287909103,11.922013460526992,11,,False,search_itransformer_74_3/exp_40,model/search_itransformer_74_3/exp_40,-4.106207652530818
model/search_itransformer_74_3\exp_16,best_model.pth,1.933977890000027,6.39611821790913,-4.462140327909103,5.288299666626779,11,5.0,True,search_itransformer_74_3/exp_16,model/search_itransformer_74_3/exp_16,-2.151540842360754
model/search_itransformer_74_3\exp_62,best_model.pth,1.7422071000000372,6.39611821790913,-4.653911117909093,5.275783743591682,11,,False,search_itransformer_74_3/exp_62,model/search_itransformer_74_3/exp_62,-2.2820256184502177
model/search_itransformer_74_3\exp_62,best_model_sliding.pth,1.7422071000000372,6.39611821790913,-4.653911117909093,5.275783743591682,11,,False,search_itransformer_74_3/exp_62,model/search_itransformer_74_3/exp_62,-2.2820256184502177
model/search_itransformer_74_3\exp_68,best_model.pth,1.4132572600000115,6.39611821790913,-4.982860957909119,10.550932618987954,15,,False,search_itransformer_74_3/exp_68,model/search_itransformer_74_3/exp_68,-4.094835169069118
model/search_itransformer_74_3\exp_68,best_model_sliding.pth,1.4132572600000115,6.39611821790913,-4.982860957909119,10.550932618987954,15,,False,search_itransformer_74_3/exp_68,model/search_itransformer_74_3/exp_68,-4.094835169069118
model/search_itransformer_74_3\exp_28,best_model_sliding.pth,1.197539720000007,6.39611821790913,-5.198578497909123,3.4079406766970486,7,,False,search_itransformer_74_3/exp_28,model/search_itransformer_74_3/exp_28,-2.102939864381849
model/search_itransformer_74_3\exp_3,best_model_sliding.pth,1.1417897700000124,6.39611821790913,-5.254328447909118,11.265080818469563,11,,False,search_itransformer_74_3/exp_3,model/search_itransformer_74_3/exp_3,-4.499106871913599
model/search_itransformer_74_3\exp_3,best_model_sliding.pth,1.1417897700000124,6.39611821790913,-5.254328447909118,11.265080818469563,11,,False,search_itransformer_74_3/exp_3,model/search_itransformer_74_3/exp_3,-4.499106871913599
model/search_itransformer_74_3\exp_66,best_model.pth,1.0043176900000228,6.39611821790913,-5.3918005279091075,11.76178264014529,11,,False,search_itransformer_74_3/exp_66,model/search_itransformer_74_3/exp_66,-4.7443478744163095
model/search_itransformer_74_3\exp_66,best_model_sliding.pth,0.9828649500000397,6.39611821790913,-5.413253267909091,11.2233789803322,11,,False,search_itransformer_74_3/exp_66,model/search_itransformer_74_3/exp_66,-4.597843694472371
model/search_itransformer_74_3\exp_0,best_model.pth,0.8513541799999969,6.39611821790913,-5.544764037909133,11.32110332802127,11,,False,search_itransformer_74_3/exp_0,model/search_itransformer_74_3/exp_0,-4.719218537779122
model/search_itransformer_74_3\exp_13,best_model_sliding.pth,0.82512680000002,6.39611821790913,-5.57099141790911,5.834273097264144,11,,False,search_itransformer_74_3/exp_13,model/search_itransformer_74_3/exp_13,-3.091528634551968
model/search_itransformer_74_3\exp_11,best_model_sliding.pth,0.7318275100000271,6.39611821790913,-5.664290707909103,3.81939954169498,15,,False,search_itransformer_74_3/exp_11,model/search_itransformer_74_3/exp_11,-2.5523760708812144
model/search_itransformer_74_3\exp_38,best_model.pth,0.6152484200000252,6.39611821790913,-5.780869797909105,8.7531047321567,11,,False,search_itransformer_74_3/exp_38,model/search_itransformer_74_3/exp_38,-4.1140929910197315
model/search_itransformer_74_3\exp_38,best_model_sliding.pth,0.6152484200000252,6.39611821790913,-5.780869797909105,8.7531047321567,11,,False,search_itransformer_74_3/exp_38,model/search_itransformer_74_3/exp_38,-4.1140929910197315
model/search_itransformer_74_3\exp_12,best_model_sliding.pth,0.5887669500000303,6.39611821790913,-5.8073512679091,10.939854359268203,11,,False,search_itransformer_74_3/exp_12,model/search_itransformer_74_3/exp_12,-4.788654908153179
model/search_itransformer_74_3\exp_18,best_model_sliding.pth,0.3993900500000258,6.39611821790913,-5.9967281679091045,11.885960464702865,11,,False,search_itransformer_74_3/exp_18,model/search_itransformer_74_3/exp_18,-5.20505056978358
model/search_itransformer_74_3\exp_5,best_model_sliding.pth,0.38750421000000035,6.39611821790913,-6.00861400790913,9.077867975909784,13,,False,search_itransformer_74_3/exp_5,model/search_itransformer_74_3/exp_5,-4.370942911145674
model/search_itransformer_74_3\exp_5,best_model_sliding.pth,0.38750421000000035,6.39611821790913,-6.00861400790913,9.077867975909784,13,,False,search_itransformer_74_3/exp_5,model/search_itransformer_74_3/exp_5,-4.370942911145674
model/search_itransformer_74_3\exp_43,best_model.pth,0.33439915000001985,6.39611821790913,-6.06171906790911,4.314922681211879,3,,False,search_itransformer_74_3/exp_43,model/search_itransformer_74_3/exp_43,-2.979232864736289
model/search_itransformer_74_3\exp_0,best_model_sliding.pth,0.22089008000001353,6.39611821790913,-6.175228137909117,11.885960464702856,11,,False,search_itransformer_74_3/exp_0,model/search_itransformer_74_3/exp_0,-5.330000548783587
model/search_itransformer_74_3\exp_53,best_model.pth,0.11668206000001735,6.39611821790913,-6.279436157909113,3.8731301458680876,7,,False,search_itransformer_74_3/exp_53,model/search_itransformer_74_3/exp_53,-2.999097067133153
model/search_itransformer_74_3\exp_5,best_model.pth,-0.0066977699999859475,6.39611821790913,-6.402815987909117,10.479148581113693,13,,False,search_itransformer_74_3/exp_5,model/search_itransformer_74_3/exp_5,-5.067268478706837
model/search_itransformer_74_3\exp_5,best_model.pth,-0.0066977699999859475,6.39611821790913,-6.402815987909117,10.479148581113693,13,,False,search_itransformer_74_3/exp_5,model/search_itransformer_74_3/exp_5,-5.067268478706837
model/search_itransformer_74_3\exp_29,best_model.pth,-0.03515690999995602,6.39611821790913,-6.431275127909086,6.092873209756243,11,,False,search_itransformer_74_3/exp_29,model/search_itransformer_74_3/exp_29,-3.7713072652995807
model/search_itransformer_74_3\exp_53,best_model_sliding.pth,-0.12111415999996877,6.39611821790913,-6.5172323779090995,7.262156616097625,12,,False,search_itransformer_74_3/exp_53,model/search_itransformer_74_3/exp_53,-4.182262362202005
model/search_itransformer_74_3\exp_13,best_model.pth,-0.36607288000001237,6.39611821790913,-6.762191097909143,5.690414060595004,10,,False,search_itransformer_74_3/exp_13,model/search_itransformer_74_3/exp_13,-3.8822106995512486
model/search_itransformer_74_3\exp_57,best_model.pth,-0.7696828199999839,6.39611821790913,-7.165801037909114,4.636919593559577,10,,False,search_itransformer_74_3/exp_57,model/search_itransformer_74_3/exp_57,-3.848689317440601
model/search_itransformer_74_3\exp_44,best_model.pth,-1.1477854699999845,6.39611821790913,-7.543903687909115,8.063498470595913,11,,False,search_itransformer_74_3/exp_44,model/search_itransformer_74_3/exp_44,-5.141334835551502
model/search_itransformer_74_3\exp_11,best_model.pth,-1.3173125599999946,6.39611821790913,-7.7134307779091245,3.741696654741664,17,,False,search_itransformer_74_3/exp_11,model/search_itransformer_74_3/exp_11,-3.9634632537952346
model/search_itransformer_74_3\exp_16,best_model_sliding.pth,-1.7811356599999995,6.39611821790913,-8.17725387790913,4.972836953932966,11,,False,search_itransformer_74_3/exp_16,model/search_itransformer_74_3/exp_16,-4.657481513552629
